{
  "InitialBalance": 1000,
  "FinalBalance": 1086.5476746269513000000000009,
  "FinalEquity": 564.6373846269513000000000009,
  "LowestEquityToBalance": 0.239,
  "UnrealizedPnl": -521.97782,
  "RealizedPnl": 86.54767462695130000000000070,
  "AverageDailyGainPercent": 0.361545041459000,
  "MaxDrawDown": 0.0005792176238560743269092384,
  "TotalDays": 23,
  "ExpectedDays": 23,
  "LossProfitRatio": 0.0538811583324616569257943896,
  "SpotBalance": 0,
  "EquityBalanceNormalizedRooMeanSquareError": 0.6596580157140242,
  "AdgNormalizedRootMeanSquareError": 0.018223185152447197,
  "TotalFundingRateProfitOrLoss": -0.6434242030486999999999999999,
  "OpenPositionWithOrders": [],
  "FundingRateProfitOrLosses": [
    {
      "Symbol": "OPUSDT",
      "ProfitOrLoss": 0.0309311934545000000000000000
    },
    {
      "Symbol": "DOGEUSDT",
      "ProfitOrLoss": -0.6743553965031999999999999999
    }
  ]
}