{
  "Iterations": [
    {
      "FinalEquity": 98.97278495426312,
      "LossProfitRatio": 0.04456504286978574,
      "ExpectedDays": 4,
      "InitialBalance": 100,
      "RealizedPnl": 1.45506495426312,
      "TotalDays": 4,
      "TotalFundingRateProfitOrLoss": -0.00757044533688,
      "EquityBalanceNormalizedRooMeanSquareError": 0.012099966437376953,
      "AverageDailyGainPercent": 0.361798031194,
      "AdgNormalizedRootMeanSquareError": 0.00613094386092414,
      "UnrealizedPnl": -2.4962,
      "LowestEquityToBalance": 0.975,
      "FinalBalance": 101.45506495426312,
      "MaxDrawDown": 7.834450427062455E-05,
      "Strategy": "AutoHedge",
      "Date": "202505232141-3107cf7719ae4dcb919a23e4154b4446",
      "SpotBalance": 0
    },
    {
      "FinalEquity": 98.1382786162878,
      "LossProfitRatio": 0.05512416359092626,
      "ExpectedDays": 4,
      "InitialBalance": 100,
      "RealizedPnl": 0.9236186162878,
      "TotalDays": 4,
      "TotalFundingRateProfitOrLoss": -0.0010475737122,
      "EquityBalanceNormalizedRooMeanSquareError": 0.013422343335758412,
      "AverageDailyGainPercent": 0.230109181407,
      "AdgNormalizedRootMeanSquareError": 0.0032374348298389558,
      "UnrealizedPnl": -2.80398,
      "LowestEquityToBalance": 0.971,
      "FinalBalance": 100.9236186162878,
      "MaxDrawDown": 7.802878588362828E-05,
      "Strategy": "LinearRegression",
      "Date": "202505232141-28d9b45704e34bcc869214aa8cdecf23",
      "SpotBalance": 0
    },
    {
      "FinalEquity": 99.29408438745082,
      "LossProfitRatio": 0.0477126717380153,
      "ExpectedDays": 4,
      "InitialBalance": 100,
      "RealizedPnl": 1.38224238745082,
      "TotalDays": 4,
      "TotalFundingRateProfitOrLoss": 0.00327583565082,
      "EquityBalanceNormalizedRooMeanSquareError": 0.009692799452859838,
      "AverageDailyGainPercent": 0.343783721577,
      "AdgNormalizedRootMeanSquareError": 0.003781844433934359,
      "UnrealizedPnl": -2.101586,
      "LowestEquityToBalance": 0.978,
      "FinalBalance": 101.38224238745082,
      "MaxDrawDown": 7.555542624178399E-05,
      "Strategy": "MfiRsiCandlePrecise",
      "Date": "202505232141-9ebcc51bd9f24863bd770bcfabea1a8b",
      "SpotBalance": 0
    },
    {
      "FinalEquity": 95.376757221856,
      "LossProfitRatio": 0.0335684046351175,
      "ExpectedDays": 4,
      "InitialBalance": 100,
      "RealizedPnl": 6.090057221856,
      "TotalDays": 4,
      "TotalFundingRateProfitOrLoss": -0.003182868144,
      "EquityBalanceNormalizedRooMeanSquareError": 0.0794618507098573,
      "AverageDailyGainPercent": 1.488929335961,
      "AdgNormalizedRootMeanSquareError": 0.005463911328843897,
      "UnrealizedPnl": -10.7133,
      "LowestEquityToBalance": 0.885,
      "FinalBalance": 106.090057221856,
      "MaxDrawDown": 0.0003371288,
      "Strategy": "MfiRsiEriTrend",
      "Date": "202505232329-f0f543c7c5eb4d69adfae2e4b39dca74",
      "SpotBalance": 0
    },
    {
      "FinalEquity": 98.7859019837862,
      "LossProfitRatio": 0.10965674196222087,
      "ExpectedDays": 4,
      "InitialBalance": 100,
      "RealizedPnl": 1.3223919837862,
      "TotalDays": 4,
      "TotalFundingRateProfitOrLoss": -0.0093180406138,
      "EquityBalanceNormalizedRooMeanSquareError": 0.012129004198193658,
      "AverageDailyGainPercent": 0.328971103028,
      "AdgNormalizedRootMeanSquareError": 0.00392172414471338,
      "UnrealizedPnl": -2.55295,
      "LowestEquityToBalance": 0.974,
      "FinalBalance": 101.3223919837862,
      "MaxDrawDown": 0.00016591613874641532,
      "Strategy": "Mona",
      "Date": "202505232141-fbac8c7ad7734820848532775d63e792",
      "SpotBalance": 0
    },
    {
      "FinalEquity": 100,
      "LossProfitRatio": 0,
      "ExpectedDays": 4,
      "InitialBalance": 100,
      "RealizedPnl": 0,
      "TotalDays": 4,
      "TotalFundingRateProfitOrLoss": 0,
      "EquityBalanceNormalizedRooMeanSquareError": 0,
      "AverageDailyGainPercent": 0.0,
      "AdgNormalizedRootMeanSquareError": 0,
      "UnrealizedPnl": 0,
      "LowestEquityToBalance": 1.0,
      "FinalBalance": 100,
      "MaxDrawDown": 0.0,
      "Strategy": "Qiqi",
      "Date": "202505232141-50282a3bcc1645f9ac7ffbdbd812c6b9",
      "SpotBalance": 0
    },
    {
      "FinalEquity": 98.5060300515926,
      "LossProfitRatio": 0.06057641100040146,
      "ExpectedDays": 4,
      "InitialBalance": 100,
      "RealizedPnl": 0.7509000515926019,
      "TotalDays": 4,
      "TotalFundingRateProfitOrLoss": -0.0080358501165,
      "EquityBalanceNormalizedRooMeanSquareError": 0.010684478004273181,
      "AverageDailyGainPercent": 0.18719870625,
      "AdgNormalizedRootMeanSquareError": 0.003151224793126079,
      "UnrealizedPnl": -2.26141,
      "LowestEquityToBalance": 0.977,
      "FinalBalance": 100.7509000515926,
      "MaxDrawDown": 6.73444063162805E-05,
      "Strategy": "Tartaglia",
      "Date": "202505232141-b354d486f9c645459c6a5cfbee6eabe9",
      "SpotBalance": 0
    }
  ]
}
