{
  "InitialBalance": 5000,
  "FinalBalance": 1091.9691673490941353276971829,
  "FinalEquity": 621.4871042138081353276971829,
  "LowestEquityToBalance": 0.532,
  "UnrealizedPnl": -470.482063135286,
  "RealizedPnl": -3908.0308326509058646723028167,
  "AverageDailyGainPercent": -0.1470344743088000,
  "MaxDrawDown": 0.8125798739421793426567375291,
  "TotalDays": 1034,
  "ExpectedDays": 1034,
  "LossProfitRatio": 1.1895773182029893324662165643,
  "SpotBalance": 0,
  "EquityBalanceNormalizedRooMeanSquareError": 0.2765592450565614,
  "AdgNormalizedRootMeanSquareError": 0,
  "TotalFundingRateProfitOrLoss": 69.133761638098474501021786418,
  "OpenPositionWithOrders": [],
  "FundingRateProfitOrLosses": [
    {
      "Symbol": "BTCUSDT",
      "ProfitOrLoss": 69.133761638098474501021786418
    }
  ]
}